<?xml version="1.0" encoding="UTF-8"?>
<project-private xmlns="http://www.netbeans.org/ns/project-private/1">
    <editor-bookmarks xmlns="http://www.netbeans.org/ns/editor-bookmarks/2" lastBookmarkId="0"/>
    <open-files xmlns="http://www.netbeans.org/ns/projectui-open-files/2">
        <group>
            <file>file:/D:/Tai_lieu_nam_3/Ki_1/Oop%20(CODE)/BTTH2/src/app/App.java</file>
            <file>file:/D:/Tai_lieu_nam_3/Ki_1/Oop%20(CODE)/BTTH2/src/database/ql_mua_hang.sql</file>
            <file>file:/D:/Tai_lieu_nam_3/Ki_1/Oop%20(CODE)/BTTH2/src/dao/DBConnect.java</file>
            <file>file:/D:/Tai_lieu_nam_3/Ki_1/Oop%20(CODE)/BTTH2/src/model/MatHang.java</file>
            <file>file:/D:/Tai_lieu_nam_3/Ki_1/Oop%20(CODE)/BTTH2/src/model/KhachHang.java</file>
            <file>file:/D:/Tai_lieu_nam_3/Ki_1/Oop%20(CODE)/BTTH2/src/dao/MatHangDAO.java</file>
            <file>file:/D:/Tai_lieu_nam_3/Ki_1/Oop%20(CODE)/BTTH2/src/dao/KhachHangDAO.java</file>
            <file>file:/D:/Tai_lieu_nam_3/Ki_1/Oop%20(CODE)/BTTH2/src/view/KhachHangFrame.java</file>
            <file>file:/D:/Tai_lieu_nam_3/Ki_1/Oop%20(CODE)/BTTH2/src/controller/MatHangController.java</file>
            <file>file:/D:/Tai_lieu_nam_3/Ki_1/Oop%20(CODE)/BTTH2/src/model/DanhSachMuaHang.java</file>
            <file>file:/D:/Tai_lieu_nam_3/Ki_1/Oop%20(CODE)/BTTH2/src/dao/DanhSachMuaHangDAO.java</file>
        </group>
    </open-files>
</project-private>
